threshold_type,value
Bad/Medium (33.3%),463.66666666666663
Medium/Good (66.6%),533.3333333333333
